{
  "meaningful": 6960.164758788013,
  "random": 1188652.8174847818
}
