{
  "meaningful": 38796.637332367325,
  "random": 656023.3194125452
}
