{
  "meaningful": 721.8940115423638,
  "random": 87123.76802300489
}
